Bloque,Unidad,Contenido,Duracion
Números,Los números naturales,El conjunto de los números naturales,1
Números,Los números naturales,Operaciones con números naturales,1
Números,Los números naturales,La relación de divisibilidad,1
Números,Los números naturales,Números primos y compuestos,1
Números,Los números naturales,Mínimo común múltiplo de dos o más números,3
Números,Los números naturales,Máximo común divisor de dos o más números,3
Números,Los números enteros,Números positivos y negativos,1
Números,Los números enteros,El conjunto Z de los números enteros,1
Números,Los números enteros,Operaciones con números enteros,4
Números,Los números enteros,Potencias de números enteros,3
Números,Los números enteros,Raíces de números enteros,2
Números,Los números decimales y las fracciones,Los números decimales,1
Números,Los números decimales y las fracciones,Representación y ordenación de números decimales,1
Números,Los números decimales y las fracciones,Operaciones con números decimales,1
Números,Los números decimales y las fracciones,Raíz cuadrada de un número decimal,1
Números,Los números decimales y las fracciones,Las fracciones,1
Números,Los números decimales y las fracciones,Fracciones y números decimales,1
Números,Operaciones con fracciones,Suma y resta de fracciones,1
Números,Operaciones con fracciones,Multiplicación y división de fracciones,1
Números,Operaciones con fracciones,Problemas con fracciones,4
Números,Operaciones con fracciones,Potencias y fracciones,2
Números,Proporcionalidad y porcentajes,Razones y proporciones,2
Números,Proporcionalidad y porcentajes,Magnitudes directamente proporcionales,2
Números,Proporcionalidad y porcentajes,Magnitudes inversamente proporcionales,2
Números,Proporcionalidad y porcentajes,Problemas de proporcionalidad compuesta,3
Números,Proporcionalidad y porcentajes,Problemas de repartos proporcionales,2
Números,Proporcionalidad y porcentajes,Porcentajes,1
Números,Proporcionalidad y porcentajes,Problemas con porcentajes,2
Números,Proporcionalidad y porcentajes,Interés bancario,2
Álgebra,Expresiones algebraicas,El álgebra: ¿para qué sirve?,1
Álgebra,Expresiones algebraicas,Expresiones algebraicas,1
Álgebra,Expresiones algebraicas,Polinomios,2
Álgebra,Expresiones algebraicas,Productos notables,3
Álgebra,Ecuaciones,Definición de ecuación,1
Álgebra,Ecuaciones,Ecuaciones de primer grado,1
Álgebra,Ecuaciones,Problemas de ecuaciones de primer grado,3
Álgebra,Ecuaciones,Ecuaciones de segundo grado,3
Álgebra,Ecuaciones,Problemas de ecuaciones de segundo grado,3
Álgebra,Sistemas de ecuaciones,Ecuaciones con dos incógnitas,1
Álgebra,Sistemas de ecuaciones,Sistemas de ecuaciones lineales,3
Álgebra,Sistemas de ecuaciones,Problemas de sistemas de ecuaciones,3
Geometría,Teorema de Pitágoras,Resolución de triángulos rectángulos,2
Geometría,Teorema de Pitágoras,Problemas del teorema de Pitágoras,3
Geometría,Semejanza,Definición de semejanza,1
Geometría,Semejanza,Planos y mapas,2
Geometría,Semejanza,Teorema de Tales,2
Geometría,Semejanza,Aplicaciones de la semejanza de triángulos,4
Geometría,Volúmenes,Prismas y cilindros,3
Geometría,Volúmenes,Pirámides y conos,3
Geometría,Volúmenes,Esfera,3
Análisis,Funciones,Concepto de función,2
Análisis,Funciones,"Crecimiento, decrecimiento, máximos y mínimos",2
Análisis,Funciones,Funciones dadas por tablas de valores,2
Análisis,Funciones,Funciones dadas por su ecuación,2
Análisis,Funciones,Funciones lineales,4
Estadística y Probabilidad,Estadística,Tablas y gráficas,1
Estadística y Probabilidad,Estadística,Parámetros de centralización,2
Estadística y Probabilidad,Estadística,Parámetros de dispersión,2
Estadística y Probabilidad,Estadística,Parámetros de posición,2
Estadística y Probabilidad,Estadística,Tablas de doble entrada,2
Estadística y Probabilidad,Azar y probabilidad,Sucesos aleatorios,1
Estadística y Probabilidad,Azar y probabilidad,Probabilidad de un suceso,1
Estadística y Probabilidad,Azar y probabilidad,Asignación de probabilidades en experiencias regulares,3
Estadística y Probabilidad,Azar y probabilidad,Algunas estrategias para el cálculo de probabilidades,3